word,normalized_weight
superblock,0.7
cve,1
programmatically,0.7
meterpreter,1
keylogger,1
json,0.5
scp,0.5
apps,0.87
apps,0.865
prefetch,0.867
sans,0.97
dfir,0.9754
iptables,0.9
mru,0.9
artifact,0.9
payloads,0.95
cookies,0.9
wlan,0.86
wan,0.84
rdp,0.9
sln,0.9
gz,0.9
lnk,0.9
obj,0.9
public,0.9
cli,0.9
aws,0.9
bash,0.99
bunny,0.99
forensics,0.9
recurse,0.88
recursion,0.88
recursive,0.88
nand,0.88
ips,0.88
slowloris,0.99
probe,0.88
probing,0.88
unicast,0.88
multicast,0.88
snmp,0.88
rip,0.88
ipv4,0.88
ipv6,0.88
opsf,0.88
nat,0.88
stp,0.88
vlan,0.88
stmp,0.88
hsrp,0.88
trunking,0.88
tfidf,0.88
idf,0.88
nlp,0.88
kmp,0.88
dsa,0.88
levenshtein,0.88
arrays,0.88
dictionaries,0.88
algo,0.88
neo4j,0.88
mariadb,0.88
phpmyadmin,0.88
perl,0.88
swift,0.88
typescript,0.88
c#,0.88
ruby,0.88
iot,0.88
cloud,0.88
ml,0.88
kotlin,0.88
erlang,0.88
pascal,0.88
jquery,0.88
bootstrap,0.88
nodejs,0.88
reactjs,0.88
react,0.88
fat32,0.88
fat16,0.88
ext1,0.88
ext2,0.88
ext3,0.88
ext4,0.88
fat,0.88
hfs,0.88
ntfs,0.88
asp,0.88
float,0.88
char,0.88
varchar,0.88
boolean,0.88
str,0.88
oop,0.88
encapsulation,0.88
inheritance,0.88
polymorphism,0.88
iterate,0.88
iteration,0.88
iterable,0.88
iterator,0.88
attribute,0.88
conversion,0.88
pow,0.88
modulus,0.88
vsync,0.88
exfat,0.88
htfs,0.88
bluesnarfer,0.99
btscanner,0.99
blueranger,0.99
redfang,0.99
mfterm,0.99
searchsploit,0.99
ssqlsplit,0.99
sniffjoke,0.99
nfspy,0.99
dnschef,0.99
netsniff,0.99
dsniff,0.99
sleuth,0.99
sleuthkit,0.99
thesleuthkit,0.99
faraday,0.99
chrome,0.76
firefox,0.76
chromium,0.88
phish,0.99
phisher,0.99
phishing,0.99
zenmap,0.99
xss,0.99
putty,0.99
yed,0.88
fragroute,0.99
fragrouter,0.99
hping3,0.99
dnsmap,0.99
proxystrike,0.99
wpscan,0.99
jsql,0.99
oscanner,0.99
sqldict,0.99
sqlite,0.99
sqlninja,0.99
sqlsus,0.99
john,0.99
johnny,0.99
wordlist,0.9
findmyhash,0.99
torrent,0.77
bittorrent,0.77
7z,0.88
7zip,0.88
ide,0.88
hxd,0.88
pcap,0.88
winpcap,0.88
mysql,0.88
teamviewer,0.88
gui,0.88
ui,0.88
ue,0.88
jar,0.88
vb,0.88
vbs,0.88
bat,0.88
tmp,0.88
msi,0.88
msp,0.88
cmd,0.88
inf,0.88
scf,0.88
ps1,0.88
js,0.88
c++,0.88
cypher,0.88
nginx,0.88
discord,0.88
notepad++,0.88
studio,0.88
vs,0.88
breach,0.88
driftnet,0.99
netcreds,0.99
github,0.86
git,0.85
sslstrip,0.99
ubuntu,0.88
powershell,0.99
scripting,0.99
scapy,0.99
xampp,0.88
wamp,0.88
apache,0.88
netbeans,0.88
jetbrains,0.88
cedar,0.88
eclipse,0.88
tera,0.88
vmware,0.88
virtualbox,0.88
virtual,0.88
vms,0.88
snort,0.9
wifite,0.99
hping,0.99
slowhttptest,0.99
rainbowcrack,0.99
yersinia,0.99
hsts,0.77
ssl,0.63
tls,0.61
owasp,0.99
dirbuster,0.99
dirb,0.99
traceroute,0.99
tracert,0.99
macchanger,0.99
hashcat,0.99
aircrack,0.99
airmon,0.99
aireplay,0.99
airodump,0.99
airolib,0.99
airserv,0.99
airtun,0.99
airdecap,0.99
packetforge,0.99
airdecloack,0.99
wep,0.58
burpsuite,0.99
bettercap,0.99
ettercap,0.99
maltego,0.99
nmap,0.99
sqlmap,0.99
wireshark,0.94
hydra,0.99
volatility,0.99
metasploit,0.99
msfconsole,0.99
armitage,0.99
cain,0.99
nbtscan,0.99
netcat,0.99
ophcrack,0.99
abel,0.99
kaspersky,0.84
mbr,0.87
gpt,0.88
wifi,0.42
wpa,0.78
wpa2,0.81
autopsy,0.92
cpp,0.82
apk,0.875
java,0.88
py,0.88
python,0.88
css,0.81
javascript,0.82
wget,0.9
ssh,0.9
uname,0.84
kali,0.99
battery,0.431
ddr3,0.6123
ddr4,0.63431
gtx,0.774
android,0.5764
ios,0.5143
sudo,0.88
ifconfig,0.77
ipconfig,0.63
adduser,0.55
userdel,0.54
gzip,0.65
gunzip,0.65
netstat,0.58
hdparm,0.64
whoami,0.67
sqli,0.97
mitm,0.94
ddos,0.96
injection,0.82
arp,0.86
poisoning,0.84
system,0.75
rogue,0.84
file,0.741492075
security,0.641387801
user,0.3
computer,0.422978476
access,0.422062117
data,0.383859444
program,0.353177232
number,0.347363095
password,0.6
network,0.52
files,0.319019176
systems,0.6
time,0.143
command,0.55
code,0.69
users,0.235030174
control,0.229310832
tcp,0.84
type,0.1235
set,0.176
unix,0.876
call,0.154
software,0.65
server,0.76
mail,0.11
account,0.14
directory,0.65
list,0.2
address,0.762
key,0.35
message,0.2155
ftp,0.765
udp,0.8123
level,0.158119251
read,0.364
group,0.214
people,0.134
service,0.61
login,0.25
process,0.45
cd,0.45
phone,0.2678
find,0.241
hackers,0.7
version,0.133914745
include,0.133440767
work,0.133187978
top,0.131450057
called,0.126331088
programs,0.4
net,0.214
host,0.3
protection,0.245
write,0.367
internet,0.567
local,0.2458
hacker,0.9
high,0.266
terminal,0.5467
commands,0.461
case,0.241
hacking,0.9
policy,0.3241
requirements,0.04
bit,0.2654
default,0.034
ip,0.787
enter,0.0054
product,0.035
send,0.0032
shell,0.74
machine,0.6143
test,0.0852
root,0.88
long,0.0034
hack,0.96
word,0.0341
trusted,0.109542
remote,0.74
log,0.45
mov,0.654
support,0.00132
source,0.08321
passwords,0.865
packet,0.82
port,0.81
return,0.087022465
txt,0.213
function,0.668
start,0.086232501
windows,0.3457
sys,0.39083
virus,0.85
protocol,0.561
output,0.083357031
device,0.09431
http,0.47652
https,0.51
dos,0.91
error,0.68
add,0.079502005
memory,0.7623
point,0.077985274
computers,0.65
format,0.53
check,0.076816127
int,0.641
create,0.2143
connection,0.29864
site,0.35
based,0.0034
configuration,0.432
services,0.2431
exe,0.41
channel,0.375
free,0.1543
operating,0.071728757
characters,0.007
general,0.071128384
class,0.21543
secure,0.18544
info,0.01
accounts,0.01
evaluation,0.01
screen,0.01
hardware,0.01
allow,0.01
entry,0.01
prompt,0.01
string,0.71
form,0.03
open,0.01
report,0.01
document,0.01
functions,0.06525105
pc,0.1875
option,0.01
manager,0.03
connect,0.01
description,0.01
place,0.01
center,0.01
field,0.01
lines,0.01
testing,0.01
changes,0.01
required,0.01
going,0.01
simple,0.01
bin,0.1231
person,0.02
special,0.01
echo,0.654
display,0.058962934
author,0.058868138
break,0.1432
mechanism,0.01
space,0.01
full,0.01
encryption,0.8765
defined,0.01
analysis,0.01
component,0.01
size,0.01
interface,0.765
attack,0.9
including,0.01
simply,0.01
tab,0.136
usr,0.01
easy,0.01
best,0.01
telnet,0.812
technical,0.57
bits,0.71
components,0.05441274
byte,0.8653
username,0.341
client,0.131
features,0.053622776
passwd,0.2965
mechanisms,0.01
networks,0.54
input,0.654
drive,0.12643
bytes,0.867
basic,0.052990804
href,0.72
telephone,0.052801213
print,0.18547
authentication,0.87
administrator,0.58
company,0.0123
provided,0.0123
national,0.0123
execute,0.0123
operator,0.0123
development,0.0123
modem,0.4131
node,0.413
guide,0.050526116
table,0.21
procedures,0.049672954
operation,0.04954656
search,0.263
delete,0.2654
length,0.049072581
html,0.465
large,0.048724997
sensitivity,0.0486618
hard,0.048567004
exit,0.048567004
subjects,0.04844061
encrypted,0.88
assurance,0.048029828
small,0.04777704
ibm,0.04777704
vms,0.047713843
align,0.047619047
reference,0.047176667
manual,0.047145068
push,0.0765
press,0.04689228
identification,0.046797484
cost,0.046639491
valign,0.153
channels,0.0976
groups,0.046481498
path,0.046102316
microsoft,0.21
model,0.045312351
criteria,0.045154358
works,0.044996366
filename,0.325
implementation,0.044869971
define,0.274
request,0.04468038
term,0.044648781
complete,0.044048408
status,0.11
addresses,0.7123
application,0.754
technology,0.26
electronic,0.2141
tools,0.043732423
better,0.043669226
devices,0.3643
connected,0.2543
created,0.132
dir,0.54
options,0.042531677
save,0.042373684
job,0.242
result,0.04224729
types,0.042120896
packets,0.832
protected,0.0420261
programming,0.75
permission,0.041962903
buffer,0.687
purpose,0.04180491
machines,0.0986
working,0.04158372
course,0.041236136
directories,0.17
session,0.12
requirement,0.041172938
named,0.040951748
correct,0.040825354
digital,0.84
logged,0.12
knowledge,0.08
processing,0.14
described,0.039782601
controls,0.039751003
sites,0.08
record,0.215
storage,0.351
secret,0.26
anonymous,0.07
signal,0.215
target,0.156
dec,0.039213827
location,0.216
physical,0.039119031
alt,0.039087433
registration,0.038897841
null,0.365
keys,0.26
organization,0.038645053
changed,0.038550257
void,0.254
hosts,0.038423863
stored,0.261
parameters,0.1765
transfer,0.315
cable,0.123
step,0.037760293
sensitive,0.037760293
pad,0.037633898
remember,0.037475906
government,0.186
needed,0.037349511
menu,0.037191518
zip,0.151
rules,0.03715992
ways,0.037001927
require,0.036970328
paper,0.036907131
lists,0.036622744
directly,0.03649635
versions,0.086
private,0.78
internal,0.036338357
baud,0.036306758
variable,0.15
additional,0.036211963
equipment,0.036148766
business,0.036148766
red,0.036022371
events,0.035990773
netware,0.241
protect,0.035706386
usage,0.035674787
values,0.09
year,0.035453597
formal,0.035137611
window,0.035074414
linux,0.81
levels,0.034916421
products,0.034853224
plan,0.034821626
unauthorized,0.034790027
risk,0.034790027
link,0.03450564
distribution,0.034379246
web,0.1654
short,0.034347647
stuff,0.034316048
includes,0.034316048
listed,0.03428445
city,0.034126457
actions,0.034126457
questions,0.034000063
database,0.198
register,0.126
servers,0.76
base,0.033905267
feature,0.16432
assigned,0.033873668
contents,0.033810471
idea,0.033684077
permissions,0.033684077
domain,0.195
codes,0.186
esp,0.033589281
leave,0.033526084
bad,0.033494486
calling,0.03339969
force,0.03339969
methods,0.132
response,0.214
major,0.033273296
hit,0.033210098
valid,0.098
answer,0.033146901
entries,0.033115303
years,0.033115303
power,0.033083704
vendor,0.033020507
great,0.032988908
communication,0.032894113
console,0.43
bug,0.18
big,0.032862514
trojan,0.8965
select,0.57543
release,0.032704521
switch,0.263
requires,0.032483331
struct,0.526
owner,0.16
profile,0.156
question,0.032262141
header,0.215
privileges,0.312
voice,0.032104148
remove,0.03207255
turn,0.03207255
sequence,0.1843
rights,0.16
department,0.031946156
authorized,0.124
determine,0.031788163
ascii,0.5146
email,0.031756564
random,0.031724966
copyright,0.071
script,0.89
prevent,0.031598571
printf,0.561
multiple,0.031472177
block,0.031377381
appropriate,0.031345783
utility,0.09584
underground,0.031219388
designed,0.03118779
labels,0.031124593
won,0.031092994
sort,0.0765
offset,0.031029797
international,0.030903403
receive,0.030903403
inside,0.030808607
clear,0.030808607
editor,0.214
applications,0.03074541
flags,0.21
letter,0.030650614
computing,0.72
action,0.030555818
processes,0.216
monitor,0.03052422
reported,0.030492621
law,0.030334628
range,0.030271431
install,0.86
received,0.030176636
defense,0.029734256
man,0.029576263
pop,0.029576263
writing,0.029513066
issues,0.029449868
talk,0.02941827
telenet,0.029386671
days,0.029355073
viruses,0.89
started,0.029291876
view,0.02919708
library,0.66
libraries,0.85
logging,0.08
load,0.029133883
online,0.0843
wait,0.029102284
tv,0.029070686
allowed,0.029039087
loop,0.64
capability,0.028944291
bill,0.028912693
stack,0.78
displays,0.0287547
attributes,0.056
ensure,0.028723101
examples,0.028691503
specification,0.028596707
developer,0.76
macro,0.3456
ack,0.512
interesting,0.028438714
pass,0.028375517
archive,0.028343918
addition,0.02831232
hours,0.028280721
sense,0.028280721
exist,0.028249123
identify,0.028217524
event,0.028185926
administrative,0.028185926
direct,0.028059531
review,0.028059531
handle,0.027996334
edit,0.027996334
reports,0.027996334
limited,0.027933137
dev,0.027933137
media,0.027933137
exchange,0.027838341
details,0.02764875
techniques,0.152
tone,0.027522356
move,0.027490757
scan,0.027490757
easily,0.027459158
implemented,0.11
intended,0.065
connections,0.027395961
established,0.027174771
compare,0.027111574
executed,0.086
os,0.3136
policies,0.099
mark,0.02698518
actual,0.026921983
parameter,0.026921983
win,0.026890384
identity,0.026858786
modify,0.026827187
evidence,0.026827187
considered,0.02676399
ability,0.026732391
sh,0.1432
db,0.254
responsible,0.026511201
mu,0.026448004
traffic,0.17
attempt,0.026353208
comments,0.026353208
recovery,0.097
describe,0.026258413
external,0.026258413
license,0.026195216
instruction,0.026163617
continue,0.026132018
package,0.21
elements,0.1653
video,0.026037223
hex,0.85
basis,0.025942427
records,0.025910828
entered,0.025910828
attacks,0.84
segment,0.025784434
appear,0.025247258
maintenance,0.07
admin,0.61
kernel,0.82
post,0.025089266
uid,0.67
patch,0.5
attacker,0.86
driver,0.07
installed,0.8321
boot,0.54
relevant,0.024741681
future,0.024678484
incoming,0.024678484
learn,0.024678484
instructions,0.024678484
flag,0.213
crack,0.77
cracker,0.634
engineering,0.024141308
figure,0.02410971
ethernet,0.2123
protocols,0.245
finally,0.12
room,0.023604133
gateway,0.08231
authorization,0.26
completely,0.023540936
administrators,0.123
share,0.02344614
separate,0.023414541
modification,0.023288147
logs,0.023193351
pay,0.023130154
dword,0.521
team,0.022972161
automatically,0.1231
errors,0.354
station,0.022877366
higher,0.022814168
limit,0.3127
comp,0.022814168
crime,0.73
blue,0.022719373
initial,0.022656176
resource,0.765
jump,0.022624577
mac,0.64
algorithm,0.71
ext,0.76
attempts,0.216
master,0.022371789
ls,0.68
smart,0.022276993
daemon,0.61
cracking,0.68
typing,0.123
sends,0.022119
thought,0.022055803
tool,0.5653
irc,0.5132
global,0.07
final,0.1543
performed,0.021929409
matter,0.02189781
ddn,0.021866211
tty,0.71
category,0.021866211
police,0.021771416
acl,0.82
label,0.021739817
keyboard,0.365
personnel,0.021645021
existing,0.021645021
super,0.241
minimum,0.021613423
kill,0.678
lower,0.021487029
unsigned,0.345
activities,0.02145543
variables,0.412
longer,0.021297437
contained,0.021297437
mount,0.69
minutes,0.02123424
copies,0.021202641
worm,0.6143
areas,0.021107846
cat,0.32
concept,0.02101305
interpretation,0.020949853
verification,0.020918254
satellite,0.331
potential,0.020918254
located,0.020918254
setting,0.020886656
black,0.020886656
displayed,0.020855057
infected,0.020855057
community,0.020760261
modified,0.020760261
choose,0.020728663
references,0.61
effective,0.020728663
money,0.35
execution,0.020697064
today,0.020665466
task,0.020665466
explain,0.020665466
fixed,0.020633867
letters,0.020602269
privacy,0.02057067
image,0.02057067
finger,0.020539071
told,0.020475874
module,0.5
customer,0.020444276
goto,0.020444276
rating,0.020381079
automated,0.020381079
subsystem,0.2423
conditions,0.16
meaning,0.020317881
scanning,0.513
generate,0.12
tests,0.11
serial,0.076
identifier,0.020223086
compiler,0.2431
trace,0.123
instance,0.561
hold,0.020065093
rm,0.56
batch,0.186
tape,0.020001896
expected,0.020001896
extension,0.216
printer,0.020001896
chapter,0.020001896
binary,0.55
activity,0.019938699
follow,0.019938699
track,0.0199071
circuit,0.18
checks,0.0199071
meet,0.019875501
damage,0.2
white,0.019843903
properly,0.019843903
penetration,0.78
period,0.019812304
proper,0.019812304
generation,0.019780706
detect,0.241
installation,0.865
phoenix,0.019622713
hope,0.019622713
architecture,0.019591114
games,0.019559516
digit,0.019559516
member,0.019559516
registered,0.019527917
categories,0.01946472
enforcement,0.019433121
removed,0.019433121
solution,0.019401523
backup,0.04
syn,0.66
gdb,0.585
popular,0.019338326
checking,0.019306727
firewall,0.876
count,0.019211931
wrote,0.019211931
victim,0.5143
sample,0.019211931
refer,0.019211931
datapac,0.019180333
argv,0.76
half,0.019148734
color,0.019085537
ports,0.63
terminals,0.346
equal,0.018959143
points,0.018959143
classes,0.345265
consider,0.018927544
executable,0.235
enable,0.018895946
update,0.018864347
mailing,0.018864347
seconds,0.018832749
central,0.018832749
destination,0.018832749
setup,0.018832749
trust,0.01880115
play,0.018769551
unique,0.018769551
developed,0.018737953
automatic,0.018737953
house,0.018706354
ncsc,0.5136
failure,0.018643157
green,0.018611559
cover,0.018611559
pwd,0.613
nfs,0.68
digits,0.01857996
condition,0.018548361
lan,0.65
understanding,0.018516763
night,0.018485164
role,0.1234
sound,0.195
primary,0.257
cut,0.1235
cmp,0.678
sign,0.1235
requests,0.3654
dictionary,0.465
appears,0.018263974
front,0.2
supported,0.125
pin,0.51
item,0.2565
sizeof,0.587
rest,0.135
virtual,0.314
items,0.1235
combination,0.1235
outgoing,0.254
apply,0.16685
ready,0.1543
specifies,0.16
cert,0.36
argument,0.341
hour,0.14
property,0.58
illegal,0.67
interrupt,0.41
typically,0.123
division,0.13
modules,0.345
equivalent,0.212
legal,0.5627
rate,0.256
ps,0.87
places,0.017726799
quit,0.017726799
phreak,0.81
controlled,0.215
ring,0.017663601
disable,0.365
returns,0.24
facilities,0.017632003
implement,0.254
transmission,0.31
summary,0.017600404
background,0.017600404
official,0.017568806
environments,0.216
built,0.245
detail,0.16
evaluated,0.165
flaws,0.134
operators,0.365
sharing,0.1236
cycle,0.345
reset,0.2456
counter,0.017442411
syntax,0.82
trail,0.017410813
exists,0.21
pointer,0.77
enforce,0.14
utilities,0.2543
science,0.017189623
doc,0.354
unknown,0.2454
generated,0.354
guidelines,0.135
history,0.7687
deal,0.01703163
united,0.01703163
material,0.01703163
piece,0.017000031
country,0.017000031
publication,0.017000031
mgr,0.017000031
distance,0.016968433
north,0.016968433
fast,0.016905236
greater,0.016905236
classification,0.016873637
lib,0.016873637
auditing,0.097
avoid,0.016842039
proxy,0.79
carrier,0.016778841
month,0.016778841
school,0.016778841
routing,0.48
administration,0.016715644
tutorial,0.016715644
depending,0.016684046
posting,0.016652447
selected,0.016620849
serious,0.016620849
wire,0.016620849
hash,0.92
sources,0.01658925
electron,0.01658925
firmware,0.016557651
partition,0.585
con,0.016526053
sysop,0.016526053
multi,0.016526053
hacked,0.6
gov,0.05
phreaking,0.75
choice,0.01636806
debug,0.6
represent,0.01636806
eagle,0.016336461
assume,0.016336461
jmp,0.56
des,0.016273264
months,0.016210067
critical,0.13
regkey,0.62
click,0.214
privilege,0.01614687
programmer,0.59
trouble,0.1234
exploit,0.83
shareware,0.4562
processor,0.016052074
owned,0.016020476
latest,0.016020476
bugs,0.249
edx,0.016020476
demo,0.015988877
week,0.015957279
logon,0.015957279
temporary,0.01592568
party,0.01592568
journal,0.01592568
warning,0.01592568
regular,0.015894081
fine,0.015894081
busy,0.015894081
watch,0.015894081
bank,0.015862483
dialing,0.015799286
lost,0.015799286
david,0.015767687
pick,0.015767687
handling,0.015767687
lock,0.015767687
institute,0.01570449
volumes,0.01570449
discovered,0.015672891
frequency,0.11
monitoring,0.015672891
vt,0.015672891
hidden,0.015672891
intruder,0.23151
agent,0.015641293
applied,0.015609694
employees,0.015578096
advanced,0.015578096
properties,0.015578096
correctly,0.015546497
corporation,0.015546497
position,0.015514899
flow,0.015514899
privileged,0.015514899
care,0.0154833
incident,0.149
worth,0.015451701
hello,0.015420103
outdial,0.015420103
dump,0.015420103
supports,0.015420103
modes,0.015420103
head,0.015388504
frequently,0.015388504
basically,0.015356906
magic,0.015356906
creating,0.015325307
performance,0.015325307
water,0.015325307
guidance,0.015293709
granted,0.015230511
std,0.54
download,0.123
finding,0.015167314
build,0.214
cpu,0.68
gpu,0.68
context,0.015135716
capabilities,0.015104117
west,0.015104117
detection,0.31
button,0.015104117
happen,0.015072519
telecom,0.21
xor,0.58
passed,0.015009321
couple,0.015009321
friend,0.014977723
arguments,0.512
prior,0.014946124
phase,0.014946124
presented,0.014914526
consists,0.014914526
threat,0.18
providing,0.014851329
reply,0.01481973
scripts,0.62
pro,0.014756533
indicates,0.014724934
double,0.67
invalid,0.123
cp,0.66
tested,0.014503744
printed,0.014503744
networking,0.47
switching,0.13
sunos,0.4531
dd,0.65
restricted,0.1639
updated,0.014345751
comment,0.014314153
ret,0.354
students,0.014314153
graphics,0.69
technique,0.143
bsd,0.44
indicate,0.014250956
ss,0.11
selection,0.014250956
complex,0.014219357
door,0.014219357
consistent,0.014219357
experience,0.014219357
shit,0.014187759
reasons,0.014187759
crash,0.014187759
effort,0.014187759
collection,0.014187759
characteristics,0.014187759
earlier,0.014187759
extra,0.014124561
fields,0.014092963
talking,0.014061364
rule,0.014029766
verify,0.013998167
association,0.013966569
forms,0.01393497
clearance,0.01393497
april,0.013903371
turned,0.013903371
replace,0.013903371
shared,0.013903371
sections,0.013871773
returned,0.013871773
answers,0.013871773
duration,0.013840174
extended,0.013840174
maintained,0.013808576
posted,0.013808576
assembly,0.19
edi,0.013808576
hole,0.013808576
holding,0.013776977
explained,0.013745379
stated,0.013745379
match,0.01371378
unassigned,0.17
assembler,0.21
loaded,0.01371378
holes,0.013682181
anon,0.013682181
typical,0.013650583
signals,0.013650583
scope,0.013650583
foo,0.46421
fbi,0.013460991
safe,0.013460991
starts,0.013460991
chmod,0.82
army,0.013429393
programmers,0.58
typed,0.16
scheme,0.013397794
light,0.013397794
startup,0.123
attention,0.013366196
caught,0.013366196
magnetic,0.013366196
scanner,0.17
corporate,0.013334597
heard,0.013334597
settings,0.24
situation,0.013334597
decoder,0.67
recommended,0.013334597
reserved,0.013334597
disks,0.45
legitimate,0.013334597
jrnl,0.013334597
measures,0.0132714
dll,0.78
floppy,0.013239801
medium,0.013239801
bar,0.12
signature,0.1
produce,0.013176604
vendors,0.013176604
pre,0.013176604
live,0.013145006
periodical,0.013145006
fake,0.013113407
escape,0.013113407
drives,0.013081809
worked,0.013081809
insert,0.013081809
tones,0.01305021
explanation,0.01305021
respect,0.01305021
macros,0.01305021
sky,0.013018611
creates,0.013018611
executing,0.013018611
managers,0.012987013
society,0.012955414
quality,0.012923816
nature,0.012892217
content,0.012892217
restrictions,0.012860619
independent,0.012860619
agencies,0.01282902
carry,0.01282902
arpanet,0.012797421
chance,0.012797421
charge,0.012797421
air,0.012765823
english,0.012734224
body,0.012734224
authority,0.012734224
functionality,0.012734224
hang,0.012671027
tech,0.012671027
compatible,0.012671027
fprintf,0.54
oz,0.012671027
pattern,0.267
expect,0.012639429
su,0.778
filter,0.35
hot,0.012639429
disabled,0.01260783
accountability,0.01260783
acceptable,0.012576231
ad,0.012576231
minute,0.012576231
brute,0.92
commonly,0.012576231
respond,0.012576231
beta,0.012513034
flaw,0.012513034
plans,0.012481436
sufficient,0.012481436
temp,0.23
blank,0.012449837
config,0.42
videocrypt,0.72
validation,0.36
establish,0.12
march,0.01238664
clean,0.01238664
street,0.012355041
waiting,0.012355041
lots,0.012355041
broken,0.012355041
abuse,0.012291844
topic,0.012291844
spool,0.012291844
anti,0.012260246
vm,0.77
desired,0.012260246
abstract,0.012260246
delay,0.12
band,0.012228647
pursuit,0.012228647
links,0.012228647
deleted,0.15
planning,0.012228647
registers,0.21
nodes,0.27
keeping,0.012197049
bring,0.01216545
approved,0.01216545
defaults,0.01216545
knew,0.012133851
handled,0.012133851
story,0.012133851
stand,0.012133851
fairly,0.012133851
telecommunications,0.26
timeout,0.421
hide,0.012070654
priority,0.012070654
mouse,0.012070654
refers,0.012070654
picture,0.012039056
stupid,0.012039056
registry,0.012039056
depends,0.012007457
routines,0.012007457
reach,0.012007457
shadow,0.012007457
guideline,0.012007457
originally,0.012007457
accessible,0.012007457
yellow,0.011975859
breaking,0.011975859
route,0.16
pls,0.011975859
checked,0.01194426
advantage,0.011912661
attached,0.011849464
optional,0.011849464
issued,0.011849464
cmu,0.011849464
buf,0.37
sector,0.33
scott,0.011786267
stands,0.011786267
extremely,0.011754669
buy,0.01172307
staff,0.01172307
auto,0.01172307
handbook,0.01172307
apple,0.01172307
published,0.011691471
hell,0.011691471
stream,0.011691471
saved,0.011691471
dns,0.82
addressed,0.68
variety,0.011659873
workstation,0.765
exported,0.761
eventually,0.011628274
dead,0.011628274
organizations,0.011628274
core,0.534
editing,0.011628274
restore,0.011596676
upper,0.011565077
languages,0.011565077
robert,0.011533479
degree,0.011533479
drop,0.01150188
completed,0.01150188
ansi,0.01150188
var,0.25
superuser,0.01150188
july,0.011470281
cool,0.011470281
tasks,0.011470281
impossible,0.011470281
ends,0.011470281
jobs,0.011407084
entering,0.011407084
lastupdate,0.011407084
style,0.011375486
stay,0.011375486
pathname,0.011375486
accessed,0.011312289
strings,0.18
prefix,0.011312289
disconnect,0.16
modems,0.24
corresponding,0.011312289
accreditation,0.011312289
middle,0.011249091
remain,0.011249091
wizard,0.011249091
creation,0.011249091
certification,0.011249091
compromise,0.011249091
joe,0.011249091
isp,0.28
portion,0.011217493
fully,0.011217493
crypt,0.363
mounted,0.16
encrypt,0.69
msg,0.11
crackers,0.54
enabled,0.011185894
printing,0.011154296
market,0.011154296
increase,0.011154296
training,0.011154296
font,0.011154296
held,0.011122697
overview,0.011122697
vulnerabilities,0.83
highly,0.011091099
affect,0.011091099
adm,0.011091099
receiving,0.011091099
smtp,0.768
connecting,0.17
reverse,0.0110595
ten,0.011027901
raid,0.011027901
threats,0.011027901
objective,0.010996303
bios,0.63
op,0.010964704
south,0.010964704
road,0.010933106
audio,0.010933106
weeks,0.010933106
pid,0.010933106
incorrect,0.010933106
communicate,0.010933106
closed,0.010933106
layer,0.010933106
looked,0.010901507
dark,0.010901507
practice,0.010901507
convention,0.010901507
nic,0.28
capable,0.010869909
coming,0.010869909
vulnerable,0.35
checksum,0.67
risks,0.0865
transaction,0.01083831
subsystems,0.01083831
dr,0.010806711
garbage,0.010806711
december,0.010806711
malicious,0.72
token,0.010806711
fail,0.010806711
spoofing,0.8
powerful,0.010775113
hear,0.010743514
careful,0.010743514
claimed,0.010743514
router,0.5764
determined,0.010743514
produced,0.010743514
exec,0.51
dc,0.123
utmp,0.57
bottom,0.010680317
frame,0.17
spread,0.010680317
discuss,0.010648719
chat,0.010648719
requested,0.010648719
setuid,0.56
failed,0.01061712
column,0.01061712
creator,0.01061712
sessions,0.01061712
beach,0.010585521
average,0.010553923
shift,0.010553923
reads,0.010553923
officer,0.010553923
phrack,0.75
enforced,0.010553923
difference,0.010522324
goal,0.010522324
symbol,0.010522324
examine,0.010522324
netbios,0.56
lead,0.010490726
pair,0.010490726
grep,0.76
url,0.010490726
referred,0.010459127
effects,0.010459127
art,0.010459127
decision,0.010459127
socket,0.24
specifications,0.010459127
structures,0.010459127
detected,0.010427529
quote,0.010427529
implementations,0.010427529
jargon,0.11
pbx,0.16
face,0.01039593
proc,0.254
sri,0.010364331
mhz,0.14
older,0.010364331
nis,0.010364331
dedicated,0.010364331
subscribe,0.010332733
compile,0.86
occasionally,0.010332733
distinct,0.010332733
chip,0.68
compiled,0.010301134
price,0.010269536
mailbox,0.010269536
faster,0.010269536
elite,0.010237937
supposed,0.01017474
convert,0.01017474
strong,0.010143141
clients,0.010143141
late,0.010143141
hostname,0.77
accurate,0.010111543
august,0.010111543
usual,0.010111543
decisions,0.010111543
map,0.010111543
derived,0.010111543
larger,0.010079944
src,0.58
behavior,0.010079944
student,0.010079944
switches,0.010048346
transmitted,0.010048346
distribute,0.010048346
argc,0.56
decimal,0.66
involves,0.010016747
bypass,0.46
queue,0.17
logins,0.010016747
winsock,0.010016747
reboot,0.0875
applies,0.00995355
suite,0.009921951
suid,0.009921951
peter,0.009921951
santa,0.009921951
template,0.009921951
success,0.009921951
perl,0.009921951
transfers,0.009890353
september,0.009890353
ai,0.76
skip,0.135
assignment,0.009890353
denial,0.74
ipx,0.672
november,0.009858754
assure,0.13
family,0.15
bandwidth,0.6231
assistance,0.009827156
micro,0.009827156
downloaded,0.009795557
element,0.009795557
unclassified,0.009795557
death,0.009763959
effectively,0.009763959
processed,0.009763959
aspects,0.009763959
clearly,0.009763959
pw,0.009763959
laws,0.009763959
plain,0.009700761
caller,0.009700761
rationale,0.009700761
configured,0.009700761
documented,0.009700761
trick,0.009669163
lack,0.009669163
supply,0.009669163
theory,0.009669163
relation,0.009669163
hands,0.009669163
tree,0.009669163
touch,0.009637564
export,0.675
mmm,0.009605966
tue,0.009605966
pdp,0.009605966
shutdown,0.654
intelligence,0.009574367
ideas,0.009542769
query,0.8432
branch,0.743
breakpoint,0.009542769
recommend,0.00951117
drivers,0.085
offer,0.009479571
evil,0.009479571
covered,0.009479571
basics,0.009479571
degrees,0.009479571
dialog,0.009479571
costs,0.009447973
reached,0.009447973
satisfy,0.009416374
fill,0.009384776
carefully,0.009384776
receiver,0.009384776
models,0.009384776
vulnerability,0.8321
sync,0.154
patches,0.009384776
slow,0.009353177
emergency,0.009353177
forwarded,0.009353177
deny,0.009353177
criminal,0.26
electronics,0.18
war,0.009321579
colour,0.009321579
loops,0.00928998
misc,0.11
age,0.00928998
definitions,0.00928998
broadcast,0.7651
integrated,0.009258381
listen,0.009258381
replaced,0.009258381
endif,0.412
updates,0.009258381
nist,0.009258381
iv,0.009258381
destruction,0.009226783
trunk,0.71
jack,0.009226783
east,0.009226783
array,0.82
mp,0.009226783
star,0.009195184
permit,0.6541
fit,0.009195184
usernames,0.009195184
ordinary,0.009163586
suspect,0.009163586
trap,0.009163586
transmit,0.009163586
extract,0.009163586
proposed,0.009163586
static,0.136
represents,0.009131987
concerned,0.009100389
ontario,0.009100389
los,0.009100389
tend,0.009100389
presents,0.009100389
cache,0.18
attribute,0.16
rom,0.58
controller,0.009037191
switched,0.009037191
crystal,0.009005593
manuals,0.009005593
fc,0.009005593
ram,0.57
copied,0.009005593
entity,0.009005593
assumed,0.009005593
dot,0.008973994
hacks,0.8
dialer,0.008973994
smaller,0.008973994
lod,0.008973994
financial,0.008973994
vsa,0.008973994
conversation,0.008942396
wires,0.008942396
edition,0.008942396
ping,0.46
topics,0.008910797
numeric,0.008910797
poor,0.008910797
unused,0.008910797
expression,0.008910797
publications,0.008879199
databases,0.214
v2,0.008879199
labeled,0.008879199
cis,0.008879199
cryptography,0.79
idle,0.72
netcom,0.0088476
firewalls,0.77
alias,0.21
roles,0.0088476
minor,0.008816001
charges,0.008816001
alarm,0.008816001
parity,0.008816001
allocated,0.008784403
shut,0.008784403
relay,0.008784403
carried,0.008784403
essential,0.008784403
mod,0.008784403
dangerous,0.008784403
suggestions,0.008752804
satellites,0.008752804
oriented,0.008721206
forum,0.008689607
disclosure,0.008689607
implementing,0.008689607
supplied,0.008689607
accesses,0.008689607
fixes,0.008689607
telling,0.008658009
connects,0.008658009
limits,0.008658009
col,0.008658009
fraud,0.00862641
permanent,0.00862641
decrypt,0.68
objectives,0.00862641
separation,0.00862641
inter,0.008594811
suggested,0.008594811
raw,0.008594811
met,0.008563213
collect,0.008563213
cross,0.008563213
locations,0.008531614
putting,0.008531614
television,0.008531614
supporting,0.008531614
develop,0.008531614
folder,0.008531614
car,0.008531614
defines,0.008531614
familiar,0.008500016
fault,0.008500016
highest,0.008500016
gt,0.32
introduced,0.008468417
agents,0.008468417
principle,0.008468417
coverage,0.008468417
statements,0.008468417
reporting,0.008468417
reg,0.008468417
gid,0.008468417
totally,0.008436819
pascal,0.008436819
sender,0.008436819
meeting,0.00840522
ice,0.00840522
permitted,0.00840522
referenced,0.00840522
intent,0.008373621
opposed,0.008373621
accessing,0.008373621
kerberos,0.008373621
europe,0.008373621
profiles,0.008373621
reasonable,0.008342023
gnu,0.43
music,0.008342023
bogus,0.008342023
pss,0.008342023
writes,0.008310424
attempting,0.008310424
god,0.008310424
finished,0.008310424
maintaining,0.008310424
implies,0.008310424
ignore,0.008278826
logout,0.008278826
forwarding,0.008247227
chosen,0.008247227
assuming,0.008247227
tables,0.008247227
availability,0.008247227
visible,0.008247227
finds,0.008215629
happy,0.008215629
clock,0.008215629
helpful,0.008215629
lab,0.008215629
decode,0.44
conf,0.53
carriage,0.008215629
strength,0.008215629
responsibilities,0.00818403
deletion,0.00818403
boston,0.008152431
practical,0.008152431
enables,0.008152431
kinds,0.008152431
fails,0.008152431
ppp,0.008152431
allocation,0.16
cops,0.008152431
acls,0.56
aix,0.008120833
split,0.008120833
sniffer,0.73
serve,0.008120833
prison,0.008120833
strange,0.008089234
managed,0.008089234
learning,0.008089234
noun,0.008089234
hook,0.008057636
sat,0.008057636
exact,0.008057636
reduce,0.008057636
hey,0.008057636
opened,0.008026037
asks,0.008026037
inches,0.008026037
ignored,0.007994439
moment,0.007994439
plaintext,0.62
cursor,0.007994439
empty,0.007994439
occurs,0.00796284
james,0.00796284
ethics,0.16
acct,0.00796284
alternative,0.00796284
extent,0.00796284
writable,0.00796284
arrive,0.00796284
attach,0.007931241
infect,0.007931241
passing,0.007931241
patterns,0.007931241
configure,0.007931241
nick,0.007931241
behalf,0.007931241
dhcp,0.67
vary,0.007899643
bash,0.72
customers,0.007899643
advisory,0.007899643
iso,0.6
learned,0.007868044
catch,0.007868044
numerous,0.007868044
compared,0.007868044
macintosh,0.2
determining,0.007868044
identifies,0.007868044
ahead,0.007868044
entirely,0.007868044
salt,0.67
hkey_users,0.47
pressing,0.007836446
employed,0.007836446
max,0.68
performs,0.007836446
archives,0.007836446
locked,0.007836446
integer,0.12
requiring,0.007804847
persons,0.007804847
bomb,0.007804847
receives,0.007804847
minimal,0.007804847
suppose,0.007804847
pieces,0.007804847
alice,0.007804847
sleep,0.007804847
rhosts,0.63
browser,0.784
favorite,0.007773249
controlling,0.007773249
headers,0.007773249
uic,0.6547
relative,0.00774165
foundation,0.00774165
cryptographic,0.843
modifications,0.00774165
freely,0.00774165
february,0.007710051
thousands,0.007710051
approval,0.007710051
committee,0.007710051
userid,0.17
sysadmin,0.68
hotline,0.007710051
invoked,0.007710051
tar,0.74
ak,0.007710051
claims,0.007678453
hopefully,0.007678453
erase,0.007678453
van,0.007678453
complexity,0.007678453
lose,0.007646854
compression,0.233
busted,0.007646854
rare,0.124
cellular,0.14532
cisco,0.444
mission,0.007615256
filesystem,0.67778
decryption,0.787
overflow,0.66
disclaimer,0.007583657
frequencies,0.4356
mask,0.2563
presence,0.12
performing,0.1235
autoexec,0.4541
exploits,0.786
offers,0.007425664
noise,0.007425664
identifying,0.007425664
exception,0.007425664
lord,0.007425664
ieee,0.43
oil,0.007425664
australian,0.007425664
backdoor,0.69
mix,0.007425664
mapping,0.007425664
unmount,0.65
protecting,0.007394066
bunch,0.007394066
possibility,0.007394066
puts,0.007394066
manually,0.007394066
safeguards,0.007394066
ndir,0.23
trash,0.007362467
moved,0.007362467
exchanges,0.007362467
huge,0.007362467
morris,0.007362467
je,0.007362467
london,0.007362467
easiest,0.007362467
adds,0.007362467
compromised,0.16
brian,0.007362467
consistency,0.007362467
ncp,0.007362467
nar,0.007362467
pirates,0.007330869
excellent,0.007330869
tap,0.007330869
marked,0.007330869
blocks,0.007330869
irda,0.007330869
solutions,0.00729927
mv,0.44
recommendations,0.00729927
libraries,0.00729927
sectors,0.00729927
concepts,0.007267671
mike,0.007267671
noticed,0.007267671
tops,0.007267671
ld,0.007267671
cell,0.007267671
marketing,0.007267671
newsletter,0.007267671
recording,0.007267671
composed,0.007267671
dest,0.007267671
debugger,0.007236073
perfect,0.007236073
linked,0.007236073
explicit,0.007236073
ini,0.007236073
issn,0.007204474
friendly,0.007204474
demonstrate,0.007204474
editors,0.007204474
challenge,0.007204474
ti,0.007204474
rated,0.007204474
override,0.007204474
panel,0.007204474
signed,0.007204474
structured,0.007204474
cracked,0.74
movie,0.007172876
turns,0.007172876
offered,0.007172876
trial,0.007172876
german,0.007172876
folks,0.007172876
locate,0.007172876
unlimited,0.007172876
newer,0.007172876
helps,0.007172876
philosophy,0.007172876
terminate,0.007141277
dialout,0.007141277
assign,0.007141277
arbitrary,0.007141277
metal,0.007109679
knowing,0.007109679
phreakers,0.007109679
principles,0.007109679
keyword,0.007109679
investigation,0.00707808
trivial,0.00707808
george,0.00707808
divided,0.00707808
loading,0.00707808
express,0.00707808
alternate,0.00707808
concerns,0.00707808
engine,0.00707808
directive,0.00707808
slip,0.00707808
violation,0.007046481
searching,0.007046481
analyze,0.007046481
executive,0.007046481
mainframe,0.007046481
csh,0.007046481
join,0.007046481
evaluator,0.007046481
debugging,0.007046481
designated,0.007014883
selecting,0.007014883
packages,0.007014883
wildcard,0.23
accepted,0.006983284
culture,0.006951686
scrambling,0.006951686
ks,0.006951686
technologies,0.006951686
capture,0.006951686
represented,0.006951686
steven,0.006951686
dynamic,0.17
grant,0.006951686
overwrite,0.006951686
syslog,0.57
subdirectory,0.52
sounds,0.006920087
mother,0.006920087
prompts,0.21
absolutely,0.006920087
misuse,0.006920087
nds,0.006920087
repair,0.006888489
identifiers,0.11
constraints,0.11
dependent,0.006888489
timer,0.006888489
remotely,0.00685689
discover,0.00685689
deletes,0.00685689
bitmap,0.45
moving,0.006825291
initially,0.006825291
digest,0.006825291
sam,0.006825291
bitnet,0.006825291
alpha,0.006825291
matches,0.006825291
explorer,0.006825291
shellcode,0.006825291
softice,0.006825291
dealing,0.006793693
projects,0.006793693
conclusion,0.006793693
impact,0.006793693
gmt,0.006793693
factors,0.006793693
complicated,0.006793693
fundamental,0.006793693
partitions,0.006793693
rpc,0.006793693
generates,0.006762094
stage,0.006762094
orange,0.006762094
joke,0.006762094
releases,0.006762094
confidential,0.006762094
folders,0.006762094
alter,0.006762094
msdos,0.56
hayes,0.006730496
notify,0.006730496
fr,0.006730496
direction,0.006730496
images,0.006730496
manage,0.006730496
wc,0.006730496
granularity,0.006730496
production,0.006698897
angeles,0.006698897
en,0.006698897
matching,0.006698897
mass,0.006698897
reflect,0.006698897
claim,0.006667299
damn,0.006667299
watching,0.006667299
showing,0.006667299
enhanced,0.006667299
pack,0.006667299
ease,0.006667299
ho,0.006667299
icmp,0.57
eip,0.006667299
warez,0.0066357
timing,0.0066357
felt,0.0066357
mention,0.0066357
intrusion,0.34
kevin,0.006604101
descriptions,0.006604101
remaining,0.006604101
failures,0.006604101
quotes,0.006604101
eof,0.36
nuclear,0.006604101
advise,0.006604101
installing,0.7976
fee,0.006572503
chances,0.006572503
stat,0.006572503
relationship,0.006572503
api,0.34
transport,0.006572503
repeat,0.006572503
separated,0.006572503
isolation,0.006572503
professional,0.006540904
answered,0.006540904
combinations,0.006540904
recognized,0.006540904
mcafee,0.006540904
useless,0.006540904
handles,0.006540904
isolated,0.006540904
child,0.006540904
infection,0.006540904
sophisticated,0.006509306
education,0.006509306
maintains,0.006509306
postings,0.006509306
searches,0.006509306
intruders,0.25
addressing,0.7931
prevents,0.006509306
existence,0.006509306
tfm,0.006509306
unusual,0.006477707
stores,0.006477707
revision,0.006477707
mm,0.006477707
improve,0.006477707
daily,0.006477707
ownership,0.006477707
trade,0.006446109
recommendation,0.006446109
pcs,0.006446109
modifies,0.006446109
lisp,0.006446109
nag,0.006446109
stdio,0.57
love,0.00641451
loads,0.00641451
jne,0.34
toneloc,0.00641451
navy,0.00641451
freedom,0.00641451
brain,0.00641451
denied,0.00641451
morning,0.00641451
segments,0.124
compressed,0.22
truth,0.006382911
expensive,0.006382911
altered,0.006382911
foster,0.006382911
club,0.006382911
adapter,0.006382911
spent,0.006382911
sentence,0.006382911
dependencies,0.24
recognize,0.006351313
essentially,0.006351313
defeat,0.006351313
columbia,0.006351313
modifying,0.006351313
subset,0.14
explicitly,0.006351313
spoof,0.8
invisible,0.006351313
handy,0.006319714
opening,0.006319714
reality,0.006319714
countries,0.006319714
pl,0.006319714
fips,0.006319714
producer,0.006319714
indicated,0.006319714
fourth,0.006288116
speech,0.006288116
tracing,0.006288116
tricks,0.006288116
ripco,0.006288116
hall,0.006288116
mon,0.006288116
environmental,0.006288116
def,0.006256517
subscription,0.006256517
acronym,0.006256517
cities,0.006256517
describing,0.006256517
identical,0.006256517
appeared,0.006256517
french,0.006224919
formats,0.006224919
toll,0.006224919
readers,0.006224919
forced,0.006224919
octal,0.21
developing,0.006224919
demand,0.006224919
dw,0.006224919
datagram,0.44
strlen,0.377
sprint,0.00619332
phreaks,0.66
confidentiality,0.16
brown,0.00619332
aid,0.00619332
comm,0.00619332
director,0.00619332
correspondence,0.006161721
focus,0.006161721
obtaining,0.006161721
progress,0.006161721
factor,0.006161721
paths,0.006161721
park,0.006161721
admins,0.62
pseudo,0.12
steal,0.006130123
legion,0.006130123
outdials,0.006130123
stolen,0.006130123
ic,0.006130123
acid,0.006130123
materials,0.006130123
extensions,0.006130123
import,0.79
cancel,0.006098524
william,0.006098524
attempted,0.006098524
imagine,0.006098524
food,0.006098524
assumes,0.006098524
aug,0.006098524
trojans,0.842
uu,0.006098524
glossary,0.006098524
mb,0.006098524
span,0.006098524
anonymity,0.006098524
widespread,0.006098524
coding,0.62
virtually,0.006066926
conduct,0.006066926
swap,0.006066926
incorporated,0.006066926
covers,0.006066926
worse,0.006066926
subnet,0.56
missing,0.006035327
del,0.467
copying,0.006035327
rarely,0.006035327
understood,0.006035327
tapes,0.006035327
processors,0.006035327
launch,0.006035327
stadium,0.006035327
concern,0.006003729
solve,0.006003729
writer,0.006003729
proprietary,0.006003729
union,0.006003729
famous,0.006003729
pac,0.006003729
encoded,0.43
sorts,0.006003729
increased,0.006003729
desktop,0.006003729
ftls,0.006003729
domains,0.00597213
luck,0.00597213
intro,0.00597213
ux,0.85
locally,0.00597213
stopped,0.00597213
semi,0.00597213
planned,0.00597213
directed,0.00597213
sep,0.00597213
istel,0.00597213
billing,0.005940531
extender,0.005940531
produces,0.005940531
shells,0.005940531
utmp_ent,0.005940531
generator,0.005940531
vga,0.005940531
conducted,0.005940531
emacs,0.005940531
inserted,0.005908933
cheap,0.005908933
readme,0.005908933
rename,0.005908933
fear,0.005908933
cleared,0.005877334
lt,0.005877334
eliminate,0.005877334
invoke,0.005877334
algorithms,0.005877334
mem,0.005877334
laboratory,0.005877334
abort,0.1
docs,0.005877334
privs,0.005877334
deleting,0.005877334
remarks,0.005877334
arg,0.005877334
throw,0.005845736
modern,0.005845736
interrupts,0.005845736
handler,0.005845736
sweden,0.005845736
adequate,0.005845736
authenticate,0.8231
dte,0.005845736
cipher,0.67
crc,0.62
prepared,0.005845736
protects,0.005845736
oct,0.005814137
gonna,0.005814137
applying,0.005814137
safety,0.005814137
harder,0.005814137
purchase,0.005814137
filenames,0.005814137
stderr,0.5981
acm,0.005814137
workstations,0.005814137
width,0.005814137
paid,0.005782539
educational,0.005782539
introduce,0.005782539
spend,0.005782539
papers,0.005782539
tracks,0.005782539
young,0.005782539
largest,0.005782539
developers,0.005782539
benefit,0.005782539
sockets,0.005782539
confirm,0.005782539
copyrighted,0.005782539
telex,0.005782539
assurances,0.005782539
eqs,0.005782539
posts,0.00575094
doom,0.00575094
colors,0.00575094
originator,0.00575094
esc,0.00575094
clocks,0.00575094
destroy,0.00575094
hkey_current_user,0.43
brand,0.005719341
falls,0.005719341
feed,0.005719341
indirect,0.005719341
tracking,0.005719341
occurred,0.005719341
recipient,0.005719341
scale,0.005687743
screw,0.005687743
dumb,0.005687743
transactions,0.005687743
stations,0.005687743
symbols,0.005687743
responses,0.005687743
subsequent,0.005687743
routers,0.56
constant,0.123
ids,0.8431
ap,0.62
verified,0.005656144
upload,0.005656144
origin,0.005656144
authorizations,0.005656144
consumer,0.005624546
speaker,0.005624546
cms,0.005624546
retrieve,0.005624546
mountsfs,0.005624546
advance,0.005592947
dropped,0.005592947
io,0.005592947
opinion,0.005592947
delivery,0.005592947
causing,0.005592947
guessing,0.005592947
practices,0.005592947
accomplished,0.005592947
cyberspace,0.346
answering,0.005561349
manufacturer,0.005561349
classic,0.005561349
removable,0.005561349
pause,0.005561349
exceptions,0.005561349
efforts,0.005561349
circumstances,0.005561349
extensive,0.005561349
hackish,0.005561349
leaves,0.00552975
hundreds,0.00552975
sw,0.00552975
helped,0.00552975
assessment,0.00552975
iron,0.00552975
representation,0.00552975
operands,0.00552975
plug,0.005498151
initialization,0.005498151
limitations,0.005498151
straight,0.005498151
vpn,0.4614
hexadecimal,0.57
paying,0.005466553
violations,0.27
vmb,0.005466553
toggle,0.005466553
comprehensive,0.005466553
protections,0.005466553
reliable,0.005466553
ciphertext,0.712
recover,0.005466553
fed,0.005434954
decrypted,0.6712
spot,0.005434954
agreement,0.005434954
archie,0.005434954
experiment,0.005434954
win95,0.005434954
strcpy,0.5761
continues,0.005403356
dollars,0.005403356
ordered,0.005403356
eye,0.005403356
symbolic,0.005403356
completion,0.005403356
restrict,0.005403356
energy,0.005371757
agree,0.005371757
dialup,0.005371757
secondary,0.005371757
interpreter,0.005371757
traditional,0.005371757
composition,0.005371757
rates,0.005371757
statistics,0.005371757
relations,0.005371757
realm,0.005371757
parent,0.005371757
cookie,0.005371757
song,0.005371757
netscape,0.005371757
explore,0.005340159
matrix,0.005340159
employee,0.005340159
catalog,0.005340159
signatures,0.005340159
removes,0.005340159
replacement,0.005340159
crypto,0.66
industrial,0.005340159
pkzip,0.57
serves,0.005340159
draw,0.005340159
oracle,0.005340159
supe,0.005340159
programmed,0.34
sniffing,0.76
authorize,0.13
interaction,0.00530856
expert,0.00530856
sitting,0.00530856
avenue,0.005276961
units,0.005276961
suit,0.005276961
grand,0.005276961
evaluate,0.005276961
sequences,0.005276961
inetd,0.005276961
printers,0.005276961
interact,0.005276961
draft,0.005245363
scrambled,0.005245363
enjoy,0.005245363
duplex,0.26
filled,0.005245363
combined,0.005245363
initiated,0.005245363
formed,0.005213764
operated,0.005213764
achieve,0.005213764
desire,0.005213764
strategy,0.005213764
forces,0.005213764
gif,0.154
die,0.005213764
theft,0.005213764
stock,0.005213764
funny,0.005213764
addr,0.005213764
bootp,0.005213764
junk,0.005182166
rely,0.005182166
disconnected,0.005182166
min,0.68
infinite,0.005182166
turning,0.005182166
reuse,0.005182166
row,0.005150567
refused,0.005150567
sum,0.005150567
suspicious,0.005150567
examining,0.005150567
gateways,0.005150567
intel,0.18
dtls,0.46
wats,0.005118969
coin,0.005118969
bruce,0.005118969
dollar,0.005118969
cluster,0.005118969
encourage,0.005118969
measure,0.005118969
rutgers,0.005118969
prot,0.005118969
goals,0.005118969
teach,0.005118969
fa,0.005118969
visual,0.71
prefer,0.005118969
pipe,0.005118969
situations,0.00508737
town,0.00508737
austin,0.00508737
purdue,0.00508737
ethical,0.45
methodology,0.27
leading,0.00508737
resume,0.00508737
configurations,0.00508737
daemons,0.46
engineer,0.23
continued,0.005055771
cosmos,0.005055771
inform,0.005055771
tempest,0.005055771
race,0.005055771
npa,0.005055771
princeton,0.005055771
rsa,0.89
monthly,0.005055771
edt,0.005055771
saving,0.005055771
manipulation,0.35
efficient,0.005055771
hiding,0.005055771
horses,0.005055771
bbn,0.005055771
accomplish,0.005055771
subdirectories,0.56
slang,0.005055771
currentversion,0.005055771
alliance,0.005024173
silly,0.005024173
spy,0.005024173
meta,0.005024173
traced,0.005024173
leads,0.004992574
universal,0.004992574
probability,0.004992574
fort,0.004992574
led,0.004992574
emulation,0.004992574
round,0.004992574
alphanumeric,0.004992574
theorem,0.004992574
authorities,0.004960976
closing,0.004960976
coast,0.004960976
vice,0.004960976
banks,0.004960976
grab,0.004960976
walk,0.004960976
secrecy,0.004960976
smb,0.004960976
icon,0.004960976
shares,0.004960976
append,0.004929377
surveillance,0.004929377
circle,0.004929377
sbin,0.004929377
dp,0.004929377
jr,0.004929377
routed,0.004929377
depend,0.004929377
chown,0.841
depart,0.004929377
variant,0.004929377
enroute,0.004929377
icedane,0.004929377
tftp,0.786
malloc,0.72
organized,0.004897779
remailer,0.004897779
regularly,0.004897779
involve,0.004897779
comparing,0.004897779
moves,0.004897779
lowest,0.004897779
chain,0.004897779
comparison,0.004897779
voltage,0.00486618
labs,0.00486618
awareness,0.00486618
enterprise,0.00486618
activate,0.00486618
weather,0.00486618
mkdir,0.64
transponder,0.00486618
interference,0.004834581
weak,0.004834581
entities,0.004834581
pulse,0.004834581
provider,0.004834581
expressed,0.004834581
desk,0.004834581
electrical,0.004834581
fairfax,0.004834581
restricting,0.004834581
mediation,0.004834581
loch,0.004834581
embedded,0.004802983
upgrade,0.004802983
layout,0.004802983
removing,0.004802983
exercise,0.004802983
screens,0.004802983
additionally,0.004802983
uniquely,0.004802983
weird,0.004771384
delivered,0.004771384
listening,0.004771384
pressed,0.004771384
backups,0.004771384
manipulate,0.004771384
closely,0.004771384
suitable,0.004771384
effectiveness,0.004771384
bellcore,0.004739786
driven,0.004739786
targets,0.004739786
frontier,0.004739786
jackson,0.004739786
explains,0.004739786
perror,0.004739786
alert,0.004739786
bound,0.004739786
duplicate,0.004739786
glass,0.004739786
confidence,0.004739786
negative,0.004739786
gen,0.004739786
conventions,0.004739786
spec,0.004739786
microcomputer,0.004739786
eyes,0.004739786
judge,0.004739786
notion,0.004739786
baseline,0.004739786
mathematical,0.004739786
exploitation,0.7123
filtering,0.33
ce,0.004739786
mksfs,0.571
deep,0.004708187
rich,0.004708187
parties,0.004708187
owners,0.004708187
pacific,0.004708187
math,0.004708187
compatibility,0.21
bases,0.004708187
aliases,0.16
confused,0.004708187
perm,0.004708187
techspeak,0.37
nasty,0.004676589
mobile,0.004676589
edited,0.004676589
stty,0.004676589
stoll,0.004676589
japan,0.004676589
obscure,0.004676589
abbreviated,0.004676589
coded,0.004676589
cobol,0.004676589
piracy,0.004676589
termination,0.004676589
hbo,0.004676589
bus,0.004676589
restart,0.004676589
duties,0.004676589
warnings,0.004676589
achieved,0.004676589
alas,0.004676589
crisp,0.004676589
absolute,0.00464499
crimes,0.00464499
ordering,0.00464499
establishing,0.00464499
fri,0.00464499
aspect,0.00464499
wired,0.00464499
tips,0.00464499
offline,0.00464499
discovery,0.00464499
melbourne,0.00464499
mutual,0.00464499
backbone,0.00464499
insecure,0.00464499
opens,0.004613391
proceed,0.004613391
fm,0.004613391
determines,0.004613391
ge,0.28
intercept,0.34
mine,0.004613391
enters,0.004613391
brackets,0.004613391
worst,0.004613391
defining,0.004613391
ng,0.004613391
sizes,0.004613391
php,0.62
personally,0.004581793
damaged,0.004581793
realize,0.004581793
rem,0.26
floating,0.21
conventional,0.004581793
owns,0.004581793
regulations,0.004581793
ranges,0.004581793
speculation,0.004581793
approaches,0.004581793
jones,0.004550194
scene,0.132
accuracy,0.2543
pull,0.004550194
regard,0.004550194
mc,0.004550194
buffers,0.461
validate,0.3654
remainder,0.004550194
ifdef,0.453
gaining,0.004518596
boring,0.004518596
positive,0.004518596
generating,0.004518596
majority,0.004518596
secrets,0.004518596
jail,0.004518596
professionals,0.004518596
laboratories,0.004518596
preventing,0.004518596
experienced,0.004518596
visit,0.004518596
rst,0.5876
portable,0.004486997
consequences,0.004486997
separately,0.004486997
pool,0.004486997
passes,0.004486997
implied,0.004486997
treated,0.004486997
tampering,0.004486997
enforcing,0.004486997
pklite,0.004486997
tge,0.004486997
keygen,0.76
dca,0.004455399
listings,0.004455399
improved,0.004455399
bridge,0.004455399
dates,0.004455399
wild,0.004455399
init,0.456
experts,0.004455399
norton,0.24
automation,0.004455399
blah,0.004455399
presentation,0.004455399
scientific,0.004455399
transferred,0.004455399
lies,0.004455399
feet,0.004455399
portions,0.004455399
contrast,0.004455399
greatly,0.0044238
marks,0.0044238
bind,0.0044238
invokes,0.0044238
turbo,0.0044238
lucky,0.0044238
burn,0.0044238
preferred,0.0044238
harmless,0.0044238
indication,0.0044238
differ,0.0044238
player,0.0044238
hmm,0.0044238
correctness,0.0044238
schedule,0.004392201
orders,0.004392201
corner,0.004392201
floor,0.004392201
pos,0.004392201
bu,0.004392201
skills,0.004392201
qualifier,0.004392201
conversations,0.004392201
squad,0.004392201
scroll,0.004392201
primecon,0.004392201
encrypting,0.6731
doors,0.004360603
cash,0.004360603
securely,0.004360603
calculate,0.004360603
pointers,0.34
cfg,0.37
reviews,0.004360603
imported,0.004360603
intelligent,0.004360603
universities,0.004360603
authenticated,0.768
launched,0.004329004
memo,0.004297406
schemes,0.004297406
carriers,0.004297406
solder,0.004297406
opportunity,0.004297406
travel,0.004297406
mercury,0.004297406
scanners,0.004297406
examined,0.004297406
western,0.004297406
drops,0.004297406
viewed,0.004297406
assumptions,0.004297406
implements,0.24
suddenly,0.004265807
depth,0.004265807
moderated,0.004265807
bourne,0.004265807
gate,0.004265807
centralized,0.004265807
jun,0.004265807
reveal,0.004265807
nuke,0.004265807
wo,0.004265807
configuring,0.004265807
footnote,0.004265807
wrapper,0.004265807
officials,0.004234209
convenient,0.004234209
helping,0.004234209
signalling,0.004234209
cyber,0.576
decserver,0.98
defcon,0.89
oak,0.004234209
charles,0.004234209
reflector,0.004234209
informational,0.004234209
verifying,0.004234209
corresponds,0.004234209
arrow,0.004234209
acting,0.004234209
determination,0.004234209
zone,0.004234209
analogy,0.004234209
pictures,0.00420261
suggestion,0.00420261
treat,0.00420261
indicating,0.00420261
assumption,0.00420261
formatted,0.231
consideration,0.00420261
meets,0.00420261
stick,0.00420261
florida,0.00420261
dummy,0.00420261
mud,0.00420261
setgid,0.42
whois,0.17
exports,0.004171011
platform,0.004171011
lowercase,0.004171011
neat,0.004139413
edge,0.004139413
wonder,0.004139413
spring,0.004139413
pain,0.004139413
resolution,0.004139413
timesharing,0.004139413
halt,0.123
arc,0.004139413
submit,0.004139413
passive,0.11
crap,0.004139413
encoding,0.62
reloc,0.004139413
maps,0.004107814
president,0.004107814
monitors,0.004107814
scratch,0.004107814
assist,0.004107814
conferences,0.004107814
numerical,0.004107814
contacted,0.004107814
traces,0.004107814
considerations,0.004107814
eat,0.004107814
lake,0.004107814
fashion,0.004107814
saves,0.004107814
ncf,0.004107814
neverlock,0.004107814
thread,0.213
permits,0.004076216
len,0.356
bet,0.004076216
menus,0.004076216
accepts,0.004076216
continuing,0.004076216
heavy,0.004076216
fat,0.004076216
suggests,0.004076216
guard,0.004044617
kid,0.004044617
resistance,0.004044617
ideal,0.004044617
cocot,0.004044617
exploited,0.633
charged,0.004044617
corrupt,0.21
circuits,0.004044617
heat,0.004044617
organizational,0.004044617
midnight,0.004044617
backdoors,0.64
translation,0.004013019
appreciate,0.004013019
wanna,0.004013019
custom,0.004013019
recognition,0.004013019
commerce,0.004013019
cm,0.004013019
regional,0.004013019
interconnection,0.004013019
diagnostic,0.004013019
simplest,0.004013019
men,0.004013019
patched,0.004013019
losing,0.004013019
adopted,0.004013019
resistant,0.004013019
bang,0.004013019
gcc,0.68
transition,0.00398142
uploaded,0.00398142
renamed,0.00398142
quarter,0.00398142
corrected,0.00398142
paranoid,0.00398142
mixed,0.00398142
manufacturers,0.00398142
friday,0.00398142
dm,0.00398142
scans,0.00398142
rooms,0.00398142
colon,0.00398142
belong,0.00398142
collected,0.00398142
wipe,0.00398142
warrant,0.00398142
mainstream,0.00398142
jnz,0.00398142
overseas,0.003949821
telco,0.003949821
amounts,0.003949821
fair,0.003949821
strike,0.003949821
citibank,0.003949821
dual,0.003949821
interval,0.003949821
phreaker,0.85
engineers,0.003949821
asterisk,0.003949821
cold,0.003949821
boundary,0.003949821
scanned,0.003918223
summer,0.003918223
harm,0.003918223
locks,0.003918223
advantages,0.003918223
greatest,0.003918223
reviewed,0.003918223
transmissions,0.003918223
battery,0.134
blocked,0.003886624
minimize,0.003886624
bigger,0.003886624
chips,0.003886624
blow,0.003886624
ver,0.003886624
snip,0.003886624
partial,0.003886624
historical,0.003886624
technically,0.003886624
observed,0.003886624
quota,0.003886624
website,0.003886624
increases,0.003855026
receipt,0.003855026
convenience,0.003855026
flash,0.003855026
conjunction,0.003855026
pacx,0.003855026
worms,0.688
eq,0.41
expanded,0.003855026
establishes,0.003855026
spelling,0.003855026
bf,0.003855026
children,0.003855026
compute,0.003855026
intermediate,0.003855026
thoroughly,0.003855026
extreme,0.003855026
newbie,0.003855026
fork,0.003823427
civil,0.003823427
reduced,0.003823427
apart,0.003823427
comma,0.003823427
beginner,0.003823427
sql,0.84
allocate,0.003823427
desc,0.003823427
survey,0.003823427
contacts,0.003823427
referring,0.003823427
sd,0.003823427
infrastructure,0.003823427
compliant,0.003823427
newuser,0.003823427
revised,0.003791829
contribute,0.003791829
correspond,0.003791829
damages,0.003791829
wtmp,0.2
compilers,0.37
gained,0.003791829
ops,0.003791829
coordinate,0.003791829
pure,0.003791829
uunet,0.003791829
associate,0.003791829
flavor,0.003791829
contingency,0.003791829
sponsor,0.003791829
invented,0.003791829
preserve,0.003791829
notepad,0.451
cpl,0.003791829
redirect,0.003791829
payload,0.9
callers,0.00376023
placing,0.00376023
detecting,0.00376023
opposite,0.00376023
brings,0.00376023
deals,0.00376023
cables,0.0123
structuring,0.00376023
bandwidths,0.4765
userfile,0.4
trashing,0.154
selectively,0.003728631
ended,0.003728631
stdout,0.6094
async,0.77
